time,open,high,low,close
1764827100,6862.25,6863.5,6862,6862.75
1764828000,6863,6865,6862.75,6863.25
1764828900,6863,6864.5,6861.75,6864.25
1764829800,6864.5,6865.25,6863.75,6864.5
1764830700,6864.5,6866.25,6864.25,6865.25
1764831600,6865.25,6868.5,6864.5,6865
1764832500,6865,6867.75,6865,6866.5
1764833400,6866.5,6866.5,6864.5,6865
1764834300,6865.25,6867,6864.5,6865.5
1764835200,6865.5,6865.5,6859,6861
1764836100,6861,6862.75,6854.25,6857
1764837000,6856.75,6861.75,6855.75,6860
1764837900,6860.25,6861.75,6858,6858.75
1764838800,6859,6862.75,6858,6859.75
1764839700,6859.5,6862.5,6855.75,6862.5
1764840600,6862.75,6870,6862.5,6868.25
1764841500,6868.5,6869.25,6866.25,6868.25
1764842400,6868.5,6869.25,6866.75,6867
1764843300,6867,6868.25,6866.5,6867.75
1764844200,6867.5,6867.5,6863,6863.75
1764845100,6863.75,6864.5,6861.5,6862.5
1764846000,6862.5,6864.25,6860.5,6862.25
1764846900,6862,6862.75,6860,6861.5
1764847800,6861.5,6864.5,6860.75,6862.25
1764848700,6862.25,6865.75,6861.5,6865.25
1764849600,6865.5,6868.5,6864.5,6868.25
1764850500,6868.25,6869.5,6867.25,6868.25
1764851400,6868.25,6870.25,6867,6869.75
1764852300,6869.5,6871.25,6867.5,6868.25
1764853200,6868.25,6868.25,6864.5,6864.75
1764854100,6864.75,6869,6864.5,6868
1764855000,6868,6871,6863,6864.75
1764855900,6864.75,6865.75,6862,6864.25
1764856800,6864.25,6880,6864.25,6879.75
1764857700,6880,6880.75,6874.25,6876.25
1764858600,6876.25,6876.75,6859.5,6861.5
1764859500,6861.5,6864.25,6850.25,6853.5
1764860400,6853.5,6858.25,6849.25,6854.5
1764861300,6854.5,6861.25,6844.5,6858.75
1764862200,6859,6868.75,6856.75,6865.25
1764863100,6865.5,6866.5,6854.25,6855.75
1764864000,6856,6859,6845,6853.25
1764864900,6853.5,6860.5,6851,6856.5
1764865800,6856.25,6859.5,6851.5,6852.75
1764866700,6852.75,6868.75,6852.75,6867.25
1764867600,6867,6868.75,6856.5,6864.25
1764868500,6864.25,6866.25,6861.25,6863.25
1764869400,6863.5,6866.75,6859,6864.75
1764870300,6865,6868,6863.5,6866
1764871200,6866,6867.25,6857.75,6863.5
1764872100,6863.5,6871,6862.75,6870
1764873000,6869.75,6870.75,6862.25,6864.25
1764873900,6864.25,6866.75,6863.25,6864.25
1764874800,6864.25,6865.5,6857,6859.5
1764875700,6859.5,6859.5,6836.25,6844.75
1764876600,6845,6862.75,6842.75,6857
1764877500,6857.25,6861.25,6853.5,6855.5
1764878400,6855.25,6857.5,6846,6855.75
1764879300,6855.75,6856.5,6850.5,6850.5
1764880200,6850.5,6856,6850,6852.25
1764881100,6852.5,6869,6850.5,6867.5
1764882000,6867.25,6868.5,6864,6865.75
1764882900,6865.75,6868.25,6865.5,6867.5
1764883800,6867.25,6867.75,6866.25,6867
1764884700,6867,6867,6865,6865.75
1764889200,6865.5,6869.5,6865,6865.75
1764890100,6865.75,6866.75,6864.5,6865.75
1764891000,6866,6866.25,6862.5,6863
1764891900,6863,6865.25,6861.25,6863.75
1764892800,6863.5,6865,6862,6863.25
1764893700,6863.25,6869.25,6863.25,6868.25
1764894600,6868,6871.5,6866.75,6870
1764895500,6870,6871,6868.5,6870.75
1764896400,6871,6874,6870,6872.25
1764897300,6872.5,6873.75,6871.5,6872.75
1764898200,6872.5,6875.25,6872.25,6874.5
1764899100,6874.25,6875.75,6874,6875.5
1764900000,6875.5,6876.75,6874.5,6876.5
1764900900,6876.75,6881.25,6875.75,6880.5
1764901800,6880.5,6880.75,6876.75,6877
1764902700,6877.25,6877.75,6874.5,6876.25
1764903600,6876.25,6877.25,6875,6875.75
1764904500,6875.75,6878,6875.75,6876.5
1764905400,6876.75,6877.5,6874.75,6876.5
1764906300,6876.5,6879.25,6876.25,6878
1764907200,6878,6881,6877.5,6880.25
1764908100,6880.25,6880.25,6877.75,6879.5
1764909000,6879.5,6880.25,6878.25,6878.25
1764909900,6878.25,6880.5,6878,6880
1764910800,6880,6881.5,6879.75,6880.5
1764911700,6880.5,6881.25,6879.5,6880
1764912600,6880,6881.25,6879.25,6881
1764913500,6881,6882,6880.25,6882
1764914400,6882,6883.75,6881.5,6882.5
1764915300,6882.75,6884,6881,6881.25
1764916200,6881.5,6882.5,6879.25,6881.5
1764917100,6881.25,6882,6879.75,6880.5
1764918000,6880.75,6883.75,6879.5,6881.25
1764918900,6881,6883.25,6880.25,6883
1764919800,6883,6884,6881.25,6881.5
1764920700,6881.5,6882.75,6880.5,6881.75
1764921600,6882,6884.5,6880.75,6883.5
1764922500,6883.25,6886.25,6880.5,6881.75
1764923400,6881.75,6883.5,6880.75,6882.5
1764924300,6882.5,6883,6878.5,6878.5
1764925200,6878.5,6881,6877.5,6878.5
1764926100,6878.25,6881.25,6877.75,6881
1764927000,6881,6881,6876.5,6877.5
1764927900,6877.5,6879,6877.5,6878.5
1764928800,6878.75,6881.5,6877.5,6879.5
1764929700,6879.75,6880.5,6878.5,6879.5
1764930600,6879.5,6880.75,6878.75,6880.5
1764931500,6880.25,6880.25,6877.25,6877.75
1764932400,6877.75,6880.5,6876,6879
1764933300,6879,6881.25,6877.25,6880.5
1764934200,6880.75,6882,6879.5,6880.5
1764935100,6880.25,6880.5,6879.75,6880.25
1764936000,6880.25,6882.25,6879.75,6880.5
1764936900,6880.25,6881,6876,6879.25
1764937800,6879.25,6880.75,6878.75,6878.75
1764938700,6879,6879.75,6877.25,6879.25
1764939600,6879.25,6880.75,6879,6879.25
1764940500,6879.25,6879.75,6875,6876.25
1764941400,6876.25,6877,6861.5,6863.5
1764942300,6863.25,6865.5,6856.75,6864
1764943200,6864,6869.75,6863.75,6869.75
1764944100,6869.75,6875.75,6869.25,6875.25
1764945000,6875.25,6886.25,6874,6879.25
1764945900,6879.25,6891.25,6878.75,6889.75
1764946800,6889.75,6903.5,6888,6903.25
1764947700,6903.25,6904,6896.75,6899.75
1764948600,6899.75,6905,6896.75,6898.25
1764949500,6898.25,6902.75,6883.25,6887.5
1764950400,6887.5,6892.25,6881.5,6882
1764951300,6881.75,6888.5,6877.75,6880.5
1764952200,6880.25,6880.5,6870.5,6874.5
1764953100,6874.5,6887.25,6873.5,6880.75
1764954000,6880.75,6883.5,6873.25,6874
1764954900,6874,6877.75,6873.25,6874.5
1764955800,6874.75,6876,6866.5,6873.25
1764956700,6873.25,6885,6871.25,6883.5
1764957600,6883.25,6888,6883,6883.5
1764958500,6883.75,6887.5,6875.75,6886.25
1764959400,6886.25,6890.5,6881.5,6884.75
1764960300,6884.75,6886.5,6881.75,6882.5
1764961200,6882.75,6885,6879,6884.25
1764962100,6884.5,6884.5,6877.25,6880.25
1764963000,6880.25,6882,6876.25,6878.25
1764963900,6878.25,6884.5,6876.5,6883.25
1764964800,6883.25,6883.75,6876.5,6880.5
1764965700,6880.5,6883.5,6878.25,6881
1764966600,6880.75,6880.75,6875.75,6879.25
1764967500,6879.5,6880.75,6866.75,6876.75
1764968400,6876.75,6881.5,6876.25,6880.25
1764969300,6880.5,6881.75,6879.75,6880.25
1764970200,6880.25,6881.25,6880,6880.25
1764971100,6880.25,6881.5,6879.25,6879.5
1765148400,6883,6886.25,6877.25,6878.5
1765149300,6878.5,6882.75,6877.75,6881.75
1765150200,6881.5,6883.5,6880.5,6881.75
1765151100,6881.5,6882.75,6880.5,6881
1765152000,6881.25,6881.25,6872.75,6874.75
1765152900,6874.75,6878.75,6874.25,6878
1765153800,6878,6879.75,6877,6879.25
1765154700,6879.25,6882,6878.5,6881
1765155600,6881,6884.25,6880.5,6880.75
1765156500,6880.75,6882.25,6880,6880.5
1765157400,6880.5,6884,6880.5,6883
1765158300,6883,6884.25,6882.75,6883.5
1765159200,6883.5,6884.5,6882.5,6884
1765160100,6884.25,6886.5,6884,6885.75
1765161000,6885.75,6886.75,6884.5,6885.5
1765161900,6885.75,6887.75,6884.75,6887.75
1765162800,6887.5,6888,6886.5,6888
1765163700,6887.75,6889.5,6887.5,6888.5
1765164600,6888.25,6890,6888,6888.25
1765165500,6888.5,6889,6887.5,6888.5
1765166400,6888.5,6890.25,6888.5,6890
1765167300,6890,6891,6889.5,6890.5
1765168200,6890.5,6891,6889.5,6890.5
1765169100,6890.5,6891.5,6890,6890.75
1765170000,6890.75,6891.5,6889.75,6891
1765170900,6891,6892,6890.5,6891.5
1765171800,6891.5,6892,6890.75,6891.5
1765172700,6891.5,6892,6889.25,6890
1765173600,6890.25,6892,6888.5,6892
1765174500,6891.75,6892.25,6890.5,6891
1765175400,6891,6892.25,6889.25,6889.5
1765176300,6889.75,6890.75,6887.75,6888
1765177200,6888,6889.25,6886.5,6889
1765178100,6889,6893.25,6888.75,6892.25
1765179000,6892,6893.75,6890.75,6892.75
1765179900,6892.75,6892.75,6890,6890.75
1765180800,6890.75,6891,6887.25,6887.75
1765181700,6887.5,6890.5,6886.75,6887.75
1765182600,6888,6888.75,6885.5,6886.5
1765183500,6886.25,6886.25,6883.25,6884.5
1765184400,6884.5,6887.5,6884.25,6887.5
1765185300,6887.25,6889,6885.5,6888.75
1765186200,6888.75,6889.75,6886.5,6887
1765187100,6887,6887,6884,6884.5
1765188000,6884.5,6885.5,6882.25,6884.75
1765188900,6884.5,6887,6882.5,6886.75
1765189800,6886.75,6888.25,6885.5,6887
1765190700,6887,6888.25,6886.5,6887.25
1765191600,6887,6887,6883.25,6885.75
1765192500,6885.5,6886,6881.5,6882
1765193400,6882,6883.75,6881.25,6883.75
1765194300,6883.5,6883.75,6882,6882.75
1765195200,6882.75,6885.25,6880.75,6884.5
1765196100,6884.25,6886.5,6884.25,6885.25
1765197000,6885,6887.75,6885,6887.5
1765197900,6887.25,6889.5,6886.75,6887.5
1765198800,6887.5,6890,6886.75,6889.5
1765199700,6889.5,6893.25,6887.5,6889.25
1765200600,6889.25,6890.25,6885,6887
1765201500,6887,6889.25,6886.75,6888.75
1765202400,6888.75,6891.75,6888.25,6891
1765203300,6891,6891.5,6885.5,6885.5
1765204200,6885.75,6886.25,6872.25,6878.75
1765205100,6878.75,6880.75,6869.25,6874
1765206000,6873.75,6877.25,6867.75,6868.5
1765206900,6868.75,6871.75,6858,6865
1765207800,6864.75,6869.75,6859.75,6860
1765208700,6860,6864.75,6855.25,6856.25
1765209600,6856.5,6858.5,6848.5,6853.75
1765210500,6853.5,6860.75,6852,6860.5
1765211400,6860.25,6860.75,6854,6857.75
1765212300,6857.75,6858.25,6849.75,6853.25
1765213200,6853.25,6853.25,6844.25,6848.25
1765214100,6848.25,6851,6841.25,6846.25
1765215000,6846.25,6850.75,6845.25,6848
1765215900,6848.25,6862.75,6846.25,6860.75
1765216800,6860.75,6863.5,6855.5,6857.75
1765217700,6857.75,6860,6847.75,6848
1765218600,6847.75,6851,6842.5,6849.5
1765219500,6849.5,6850.75,6835.25,6841
1765220400,6841,6842.75,6836.25,6838.75
1765221300,6838.75,6845.75,6838.75,6842
1765222200,6841.75,6847.25,6841.25,6846
1765223100,6846,6848,6841,6843
1765224000,6843,6845.75,6841.25,6845.25
1765224900,6845.25,6847.25,6843.5,6846
1765225800,6846,6846.75,6840,6846.5
1765226700,6846.5,6857.75,6843,6856.5
1765227600,6856.25,6857.5,6853,6854.75
1765228500,6854.75,6859.75,6853.75,6859.5
1765229400,6859.25,6863,6858.25,6862.5
1765230300,6862.25,6864.75,6860,6864.5
1765234800,6865,6866.75,6862.25,6862.5
1765235700,6862.5,6864,6861.25,6862.25
1765236600,6862.25,6863.75,6860.25,6862.5
1765237500,6862.75,6868.5,6862.25,6868.5
1765238400,6868.25,6868.5,6866,6866.75
1765239300,6866.5,6866.75,6865.25,6865.5
1765240200,6865.75,6866.5,6864.75,6865.75
1765241100,6865.75,6867.75,6864.75,6866.75
1765242000,6866.75,6867,6863,6867
1765242900,6867,6868,6863.5,6863.5
1765243800,6863.75,6865,6859.75,6861.75
1765244700,6861.75,6863,6861.25,6861.5
1765245600,6861.75,6862.75,6859,6862
1765246500,6862,6865,6862,6862.75
1765247400,6863,6863.25,6860.25,6862.5
1765248300,6862.5,6863.5,6861.75,6862.5
1765249200,6862.25,6863.25,6860.75,6862
1765250100,6862,6863.25,6861.25,6862.25
1765251000,6862.25,6863.5,6861.25,6862
1765251900,6861.75,6863.5,6860.75,6862.75
1765252800,6862.75,6863,6861.75,6862
1765253700,6861.75,6862.75,6861.25,6862
1765254600,6862,6862.25,6860.25,6861.75
1765255500,6862,6862,6861,6861
1765256400,6861.25,6861.5,6858.25,6859.25
1765257300,6859,6859.5,6858,6858.25
1765258200,6858.25,6859.75,6858,6859
1765259100,6859,6860.5,6857.75,6858
1765260000,6857.75,6858,6855,6856.5
1765260900,6856.5,6857.75,6855.75,6857.25
1765261800,6857.5,6861.75,6857,6861.75
1765262700,6862,6863.25,6860.25,6862
1765263600,6862,6863.75,6861.75,6862.5
1765264500,6862.5,6863.25,6861.5,6862.75
1765265400,6862.75,6864,6860.75,6863.5
1765266300,6863.25,6865,6863,6864.25
1765267200,6864,6866.25,6863,6865
1765268100,6865.25,6868.25,6864.25,6864.5
1765269000,6864.5,6865.5,6862,6864.25
1765269900,6864,6865.25,6863.25,6863.5
1765270800,6863.75,6863.75,6860,6861.75
1765271700,6862,6862.25,6858,6859.75
1765272600,6859.5,6861.75,6856.25,6857.25
1765273500,6857.5,6859.5,6856.5,6857.25
1765274400,6857.25,6860.75,6856.5,6859.75
1765275300,6859.75,6863,6858.75,6862.5
1765276200,6862.5,6863,6844.75,6858.25
1765277100,6858.5,6862,6854.25,6861
1765278000,6861,6861.5,6854.5,6856.25
1765278900,6856.5,6860.75,6852.75,6860.25
1765279800,6860.5,6862.25,6858.75,6860.75
1765280700,6860.75,6862.5,6860.25,6861.5
1765281600,6861.75,6862.25,6859.75,6860.5
1765282500,6860.5,6861,6859,6860
1765283400,6860.25,6860.75,6856.5,6857.25
1765284300,6857.25,6861.25,6855,6859
1765285200,6858.75,6860.5,6856.25,6858.5
1765286100,6858.5,6859.5,6854.75,6857.25
1765287000,6857.25,6857.25,6849.25,6852.25
1765287900,6852.25,6855.25,6848.75,6850.5
1765288800,6850.5,6852,6846.75,6847.75
1765289700,6847.75,6850.75,6845,6850.5
1765290600,6850.5,6860.5,6847.25,6856
1765291500,6856,6864.5,6853.5,6863
1765292400,6863.25,6868.5,6858.5,6861
1765293300,6861,6863.5,6856.25,6861
1765294200,6861,6864.25,6857.25,6863.5
1765295100,6863.75,6864.75,6854.5,6864
1765296000,6863.75,6868,6863.25,6867.5
1765296900,6867.5,6872.25,6866.5,6866.75
1765297800,6867,6872.75,6864,6865
1765298700,6864.75,6872,6864.75,6868.75
1765299600,6868.5,6872.5,6867,6868.5
1765300500,6868.75,6868.75,6861.5,6865.5
1765301400,6865.5,6867.5,6857.75,6859.75
1765302300,6859.5,6862,6855,6861.75
1765303200,6861.5,6863.75,6857.75,6861.5
1765304100,6861.5,6864,6860,6861.25
1765305000,6861.5,6862.5,6855.5,6855.5
1765305900,6855.5,6862.25,6852.5,6859.5
1765306800,6859.5,6860.25,6855,6856.75
1765307700,6856.75,6859,6855.75,6856
1765308600,6856.25,6856.75,6850.75,6852.75
1765309500,6852.5,6857,6852,6855.25
1765310400,6855,6857.5,6853.75,6853.75
1765311300,6854,6855.5,6851.5,6851.75
1765312200,6851.75,6853.5,6849,6852.25
1765313100,6852.25,6854.75,6844.5,6849.25
1765314000,6849.5,6850,6845.25,6846.75
1765314900,6846.75,6846.75,6844,6845.5
1765315800,6845.5,6847.25,6845,6845.75
1765316700,6845.75,6847.75,6845.5,6846.25
1765321200,6847.25,6849,6847,6847.75
1765322100,6847.75,6848,6846.5,6847.75
1765323000,6847.75,6848,6847,6847.75
1765323900,6847.75,6848.25,6846.25,6846.5
1765324800,6846.5,6851,6846,6849
1765325700,6849,6849.5,6845.25,6847.25
1765326600,6847.5,6848,6846.75,6847
1765327500,6847,6847,6843.25,6843.25
1765328400,6843.25,6846,6842.25,6843.25
1765329300,6843.5,6844.25,6842.25,6844
1765330200,6844.25,6845.25,6842.5,6844.5
1765331100,6844.5,6845.25,6843,6843.75
1765332000,6843.75,6845.75,6843.75,6845.75
1765332900,6845.5,6848,6845,6847
1765333800,6847,6848.5,6846.5,6846.5
1765334700,6846.5,6848.25,6846.25,6847.5
1765335600,6847.25,6849.25,6847.25,6847.75
1765336500,6847.75,6847.75,6845.25,6845.75
1765337400,6845.5,6847,6845,6846
1765338300,6846,6847.25,6845.25,6847.25
1765339200,6847.25,6850.25,6847.25,6849.5
1765340100,6849.25,6849.5,6848.25,6849.5
1765341000,6849.75,6854.25,6849.75,6851
1765341900,6851,6852.25,6850.75,6851.5
1765342800,6851.25,6851.5,6845.75,6847
1765343700,6846.75,6848.25,6846.5,6847.5
1765344600,6847.5,6849,6847,6848.5
1765345500,6848.25,6848.75,6847.75,6848
1765346400,6848,6852.75,6848,6852
1765347300,6852,6852.25,6850.5,6851.25
1765348200,6851.5,6853,6850.75,6851.5
1765349100,6851.25,6851.75,6850.25,6851.75
1765350000,6851.5,6852.25,6850,6851.75
1765350900,6851.75,6853.75,6851.5,6853
1765351800,6853,6855.75,6852.5,6855.5
1765352700,6855.5,6856,6854,6855.25
1765353600,6855.25,6859.25,6854,6856.75
1765354500,6856.75,6859.25,6856,6856.25
1765355400,6856.75,6858,6853.25,6854.25
1765356300,6854.5,6856.25,6851.75,6854.5
1765357200,6854.5,6857.5,6853.5,6853.75
1765358100,6853.5,6853.75,6850.25,6852.5
1765359000,6852.75,6853.25,6851.25,6852.25
1765359900,6852.25,6854.75,6852,6852.5
1765360800,6852.25,6857.75,6849.75,6851.75
1765361700,6851.5,6852.5,6837.25,6837.5
1765362600,6837.5,6843.25,6834.25,6841.75
1765363500,6841.75,6844.75,6840.5,6840.75
1765364400,6840.75,6850,6839,6845.25
1765365300,6845,6846.5,6843.25,6844.5
1765366200,6844.25,6845.75,6842.75,6843
1765367100,6842.75,6846.25,6842.5,6845.25
1765368000,6845,6845.75,6839.5,6841.5
1765368900,6841.75,6842.25,6839.25,6841.75
1765369800,6841.75,6843.25,6838.25,6839.75
1765370700,6839.75,6843.5,6839,6843
1765371600,6843.25,6846,6841.5,6845.75
1765372500,6845.75,6856.25,6845,6854.25
1765373400,6854.25,6856,6848.25,6848.75
1765374300,6849,6849.75,6846.5,6846.75
1765375200,6847,6848.25,6842.5,6843.5
1765376100,6843.5,6844.75,6840,6843.25
1765377000,6843.5,6848.5,6830.75,6844.25
1765377900,6844.25,6851,6840.75,6849
1765378800,6849,6852,6845,6848
1765379700,6848,6852.5,6845.5,6847.5
1765380600,6847.5,6848.25,6834.25,6841.25
1765381500,6841.5,6850,6838,6840.25
1765382400,6840,6849,6832.25,6848.75
1765383300,6849,6856.5,6847.75,6855.25
1765384200,6855,6856.25,6849.5,6850.5
1765385100,6850.5,6855,6847.75,6853.75
1765386000,6853.5,6854.75,6848.5,6850.5
1765386900,6850.25,6852.25,6847.25,6849.25
1765387800,6849.25,6853.25,6847,6848.5
1765388700,6848.5,6860,6848,6856.25
1765389600,6856.25,6858.5,6854.25,6856.25
1765390500,6856.25,6857.25,6844.75,6846.75
1765391400,6846.5,6851.5,6844.5,6844.5
1765392300,6844.5,6848.75,6842.25,6846.25
1765393200,6846,6875.25,6844.75,6865.5
1765394100,6865.25,6873.75,6850,6860
1765395000,6859.75,6886.75,6850.5,6861
1765395900,6861,6898.5,6860,6896.75
1765396800,6896.75,6904.25,6888.75,6903
1765397700,6903,6906.75,6896.25,6899.5
1765398600,6899.25,6908,6897.75,6901.75
1765399500,6901.5,6905,6889.5,6892
1765400400,6892.25,6895.25,6885,6891.25
1765401300,6891.25,6893.75,6888.5,6892.25
1765402200,6892,6893.5,6890.25,6893.25
1765403100,6893.25,6896,6891.5,6893.25
1765407600,6887,6891.25,6884.25,6885
1765408500,6884.75,6884.75,6880.5,6881.75
1765409400,6881.5,6882.5,6881,6881.5
1765410300,6881.5,6884.25,6881,6882.75
1765411200,6882.75,6883,6878,6881
1765412100,6881,6882.5,6879.5,6881.5
1765413000,6881.25,6881.25,6876,6876.75
1765413900,6876.75,6877,6871.75,6874.5
1765414800,6874.5,6874.75,6871.5,6873.5
1765415700,6873.75,6875.25,6872.25,6874
1765416600,6874,6875.25,6872.75,6872.75
1765417500,6872.75,6873,6868.75,6869.75
1765418400,6869.75,6869.75,6862.5,6864.5
1765419300,6864.5,6865.75,6858.75,6859.75
1765420200,6859.75,6860.5,6852.25,6856
1765421100,6856.25,6856.5,6847,6851.5
1765422000,6851.25,6851.5,6817.5,6829.5
1765422900,6829.5,6836,6827.75,6834
1765423800,6834,6835,6826.25,6833.25
1765424700,6833.25,6837,6831.25,6834.75
1765425600,6835,6841.5,6832.5,6838.25
1765426500,6838.25,6840,6834,6836
1765427400,6836,6839.75,6833.5,6837.5
1765428300,6837.75,6839.75,6836,6837.25
1765429200,6837,6838.5,6833.5,6833.75
1765430100,6833.75,6835.5,6830.5,6830.75
1765431000,6830.75,6833,6829.5,6831.25
1765431900,6831.25,6837.5,6831,6836
1765432800,6836,6838,6832.75,6834.25
1765433700,6834.25,6834.75,6828.25,6828.75
1765434600,6828.75,6836.5,6828.5,6836.25
1765435500,6836,6838,6834,6837.5
1765436400,6837.25,6837.75,6829.25,6836
1765437300,6835.75,6838,6833.75,6837.75
1765438200,6837.75,6841.25,6837.25,6839.25
1765439100,6839.25,6842.5,6838.25,6841.5
1765440000,6841.25,6842,6830.75,6833.25
1765440900,6833,6836,6830,6831
1765441800,6831,6834.5,6828.5,6831.25
1765442700,6830.75,6842.75,6830,6841.75
1765443600,6841.75,6846,6840,6845.5
1765444500,6845.5,6851.5,6844.75,6848.25
1765445400,6848,6853.25,6847.5,6850.25
1765446300,6850,6854,6850,6853.5