time,open,high,low,close,Plot
1764827100,25636.25,25640.5,25634.5,25639.25,NaN
1764828000,25640.25,25655.25,25639.25,25647.25,NaN
1764828900,25646.5,25654.5,25640.25,25654.5,NaN
1764829800,25653.75,25659.5,25650,25653.75,NaN
1764830700,25653.25,25665.75,25652.5,25654.25,NaN
1764831600,25655.25,25669.75,25651.25,25653.75,NaN
1764832500,25653.25,25669.75,25651.25,25665,NaN
1764833400,25664.5,25664.5,25654.5,25657.25,NaN
1764834300,25657.75,25665.25,25652.25,25657,NaN
1764835200,25656,25657.5,25626,25636,NaN
1764836100,25636,25644.5,25603.25,25619.5,NaN
1764837000,25618,25647.5,25611.5,25638.75,NaN
1764837900,25640,25649.25,25627.25,25634,NaN
1764838800,25634.25,25652.25,25628.75,25635.25,NaN
1764839700,25635,25646.25,25611.5,25645.25,NaN
1764840600,25646.25,25692.5,25645.75,25684.25,NaN
1764841500,25684.25,25690.5,25673.75,25684.25,NaN
1764842400,25685,25691.25,25674.75,25675,NaN
1764843300,25674.5,25681.25,25670.75,25679.25,NaN
1764844200,25678.75,25678.75,25654,25657,NaN
1764845100,25656.5,25660,25640.75,25644,NaN
1764846000,25644.75,25653.5,25627,25639.75,NaN
1764846900,25638.5,25642,25626.25,25638.25,NaN
1764847800,25639.25,25654.25,25633,25642.5,NaN
1764848700,25642,25657.5,25638.5,25656,NaN
1764849600,25656,25667.5,25651.75,25664.75,NaN
1764850500,25665.75,25671.5,25657.75,25662.5,NaN
1764851400,25662.5,25670,25655.25,25669.5,NaN
1764852300,25669,25674.5,25657.5,25658.75,NaN
1764853200,25657.75,25661,25637.25,25638.25,NaN
1764854100,25639.25,25657.5,25635.75,25654.75,NaN
1764855000,25653.5,25666.5,25628,25641,NaN
1764855900,25640.5,25643.75,25618.25,25632,NaN
1764856800,25631.75,25732.5,25631.5,25724.25,NaN
1764857700,25724.75,25728.5,25688.75,25711.75,NaN
1764858600,25712,25713,25550.75,25591,NaN
1764859500,25590.75,25608.5,25540.25,25555.5,NaN
1764860400,25555.5,25592,25545.25,25567,NaN
1764861300,25567,25597.5,25520.5,25591,NaN
1764862200,25590.5,25639.25,25579,25630.5,NaN
1764863100,25630.5,25636,25566,25569.75,NaN
1764864000,25569.5,25583.5,25505,25550.5,NaN
1764864900,25551,25597.25,25538.25,25582.5,NaN
1764865800,25582.75,25600.5,25564.5,25569.25,NaN
1764866700,25569.5,25650.25,25569,25642,NaN
1764867600,25641.75,25653.25,25600,25632.25,NaN
1764868500,25632.25,25634.75,25597.25,25600.75,NaN
1764869400,25601,25625.5,25585.75,25613.25,NaN
1764870300,25613.5,25622.5,25599,25617.5,NaN
1764871200,25617.5,25620.5,25574.75,25603,NaN
1764872100,25603,25626.5,25598,25621.25,NaN
1764873000,25621.25,25632.5,25595.5,25600,NaN
1764873900,25600,25611.5,25592.5,25604,NaN
1764874800,25603.75,25612,25583.25,25592.75,NaN
1764875700,25592.75,25592.75,25488.75,25532.5,NaN
1764876600,25532.5,25611.5,25524.75,25591.75,NaN
1764877500,25592,25608,25580.5,25589,NaN
1764878400,25589.25,25593.75,25551.75,25587.75,NaN
1764879300,25587.75,25588,25562,25563.75,NaN
1764880200,25563.5,25583.25,25560.5,25570.5,NaN
1764881100,25570.25,25632.75,25564,25628,NaN
1764882000,25627.75,25635,25617,25632.25,NaN
1764882900,25632.5,25637.75,25631.75,25633.5,NaN
1764883800,25633,25634.75,25627.25,25629,NaN
1764884700,25629,25632.75,25624.75,25632.5,NaN
1764889200,25629.75,25648.75,25627,25631.5,NaN
1764890100,25632.25,25635.5,25628.5,25631.75,NaN
1764891000,25633,25634.5,25612.5,25618.25,NaN
1764891900,25617.25,25626.5,25608.5,25621,NaN
1764892800,25620.75,25629,25611,25617,NaN
1764893700,25618,25645,25616.75,25639.5,NaN
1764894600,25638.75,25657.5,25635,25648.75,NaN
1764895500,25648.25,25654.75,25642.5,25654,NaN
1764896400,25654,25672,25652.5,25663.25,NaN
1764897300,25663.5,25672,25660,25668.25,NaN
1764898200,25667,25681.5,25664.25,25676.5,NaN
1764899100,25675.5,25684,25674.5,25682,NaN
1764900000,25681.75,25692,25679,25692,NaN
1764900900,25692,25713.25,25688.75,25711.25,NaN
1764901800,25711,25711.25,25693.75,25696.25,NaN
1764902700,25695.75,25697.5,25682.25,25689.5,NaN
1764903600,25689.75,25695.5,25683.25,25687.75,NaN
1764904500,25687,25700.25,25687,25693,NaN
1764905400,25693.25,25696.75,25683.75,25692.75,NaN
1764906300,25691.5,25707,25690,25701,NaN
1764907200,25700.25,25717.25,25697.75,25712.5,NaN
1764908100,25712,25714.25,25696.75,25706.75,NaN
1764909000,25706.5,25712.5,25702.75,25703.25,NaN
1764909900,25703,25714.75,25699.75,25712.5,NaN
1764910800,25712,25721.5,25711.5,25715.5,NaN
1764911700,25715,25719.5,25712,25713.75,NaN
1764912600,25713.5,25721,25708,25719.75,NaN
1764913500,25720,25724.25,25715.25,25723.5,NaN
1764914400,25723.75,25730,25720.75,25724.25,NaN
1764915300,25724.25,25729.75,25717.5,25720.5,NaN
1764916200,25722,25724,25702.25,25717.5,NaN
1764917100,25717.5,25720.5,25709.25,25713,NaN
1764918000,25712,25729.25,25704,25714.25,NaN
1764918900,25713.5,25727.75,25710,25724.25,NaN
1764919800,25724,25728.75,25715.5,25718.5,NaN
1764920700,25718.25,25728.75,25715,25725,NaN
1764921600,25725.5,25745.25,25721.5,25735.25,NaN
1764922500,25734,25755.75,25729.75,25737.25,NaN
1764923400,25737.5,25748.25,25734.75,25746.5,NaN
1764924300,25746,25747,25723.75,25725.75,NaN
1764925200,25724.25,25736.25,25712,25717.25,NaN
1764926100,25716.5,25729,25713.5,25728,NaN
1764927000,25728.5,25728.75,25706.25,25711,NaN
1764927900,25711.5,25720.25,25711.25,25718.5,NaN
1764928800,25717.5,25736.75,25712.5,25722.25,NaN
1764929700,25723,25727.5,25719,25726,NaN
1764930600,25726,25731.5,25720.75,25731.5,NaN
1764931500,25729.75,25730,25713.25,25715.75,NaN
1764932400,25716,25724.75,25704.25,25720.25,NaN
1764933300,25721.25,25727.25,25710.5,25722.75,NaN
1764934200,25722.5,25725.5,25715,25718.25,NaN
1764935100,25718.75,25722.5,25716,25719,NaN
1764936000,25720.25,25736,25712.75,25712.75,NaN
1764936900,25713.25,25717.5,25688.5,25710.75,NaN
1764937800,25710.5,25717.5,25705,25705,NaN
1764938700,25705,25708.75,25693.25,25703.25,NaN
1764939600,25703,25710,25700.25,25704.25,NaN
1764940500,25704.5,25705,25676.25,25687,NaN
1764941400,25686,25689,25606.5,25614.5,NaN
1764942300,25614.75,25626.5,25579.75,25614.25,NaN
1764943200,25613.75,25652.75,25611.5,25652.25,NaN
1764944100,25652,25684.5,25642,25680.25,NaN
1764945000,25680,25777.25,25673.5,25708.5,NaN
1764945900,25709.25,25803.25,25707,25791.25,NaN
1764946800,25791.25,25861.25,25765.25,25858.25,NaN
1764947700,25858.25,25868,25827.5,25837.5,NaN
1764948600,25836.75,25861.25,25808.5,25820,NaN
1764949500,25819.5,25832.5,25716.25,25743,NaN
1764950400,25743,25767,25706.5,25707,NaN
1764951300,25706.5,25741,25683.25,25697.75,NaN
1764952200,25698,25704.5,25651.25,25690.25,NaN
1764953100,25690,25761.5,25679,25730.25,NaN
1764954000,25729.5,25738.25,25692.25,25696.25,NaN
1764954900,25695.5,25711.25,25688.75,25695,NaN
1764955800,25695,25700.25,25664.75,25694.75,NaN
1764956700,25694.25,25740.75,25687.25,25730.5,NaN
1764957600,25729.75,25739,25718.25,25725,NaN
1764958500,25725.25,25747.25,25700,25744,NaN
1764959400,25744,25758.5,25723.25,25735.25,NaN
1764960300,25735,25740.5,25720.25,25726.75,NaN
1764961200,25727.75,25740.75,25714.25,25738.5,NaN
1764962100,25738.5,25741.25,25706.75,25722.25,NaN
1764963000,25722.75,25729.25,25706,25712.25,NaN
1764963900,25712,25743.75,25702.5,25737.5,NaN
1764964800,25737.75,25740.25,25711.5,25724.75,NaN
1764965700,25724,25739.75,25714.75,25725.5,NaN
1764966600,25725.75,25728,25707.5,25722.25,NaN
1764967500,25721.75,25740,25677.75,25725.75,NaN
1764968400,25725.75,25743.75,25723.25,25733.5,NaN
1764969300,25734,25738.25,25729.75,25732.25,NaN
1764970200,25732.25,25740,25730.25,25736,NaN
1764971100,25736.25,25740,25732.5,25735,NaN
1765148400,25750,25770,25719.5,25729.75,NaN
1765149300,25728.25,25754.5,25725,25746.25,NaN
1765150200,25746,25756.5,25740,25748.25,NaN
1765151100,25746.25,25753.25,25742.75,25746.5,NaN
1765152000,25746.25,25747,25700.25,25714,NaN
1765152900,25712.75,25735.25,25710.25,25732.25,NaN
1765153800,25731.5,25740.75,25725.5,25737.5,NaN
1765154700,25736.25,25750.25,25733,25747.25,NaN
1765155600,25746.25,25765,25743,25747.5,NaN
1765156500,25746.5,25755.75,25743,25749.25,NaN
1765157400,25751.5,25769.5,25750.75,25763.5,NaN
1765158300,25764,25772,25762,25768.25,NaN
1765159200,25768,25773.5,25761.5,25769.25,NaN
1765160100,25769.75,25782.25,25769.5,25777,NaN
1765161000,25777,25783.25,25769.5,25775.25,NaN
1765161900,25775.5,25782.75,25770.75,25782.5,NaN
1765162800,25783,25787,25777,25786.5,NaN
1765163700,25785.75,25791,25782.5,25783.75,NaN
1765164600,25783.75,25794.25,25783.75,25784.5,NaN
1765165500,25785.5,25792.75,25780.5,25789.5,NaN
1765166400,25789.75,25797.75,25787,25796.75,NaN
1765167300,25796.5,25799.25,25793,25796,NaN
1765168200,25796.75,25801,25793.75,25798.25,NaN
1765169100,25798,25803.25,25794.5,25798.5,NaN
1765170000,25798.25,25799.25,25791,25798,NaN
1765170900,25798.75,25804,25797.25,25801,NaN
1765171800,25800.5,25804.25,25798.25,25801,NaN
1765172700,25801,25803.75,25791,25794.25,NaN
1765173600,25794.75,25807.25,25785.5,25806.75,NaN
1765174500,25806.75,25810.5,25804.25,25807.25,NaN
1765175400,25807,25811.5,25796.5,25798.75,NaN
1765176300,25799,25804.5,25789,25790.5,NaN
1765177200,25789.5,25796.25,25775.25,25793,NaN
1765178100,25794.5,25815.75,25792.5,25811.75,NaN
1765179000,25811.25,25821.25,25804.25,25816.75,NaN
1765179900,25816,25816.5,25799,25805.25,NaN
1765180800,25805.5,25806.25,25788.25,25791,NaN
1765181700,25791.75,25804,25781.25,25785,NaN
1765182600,25784.75,25793,25776.25,25781.5,NaN
1765183500,25782.25,25782.5,25768.25,25774.75,NaN
1765184400,25774.75,25791,25771.75,25790.25,NaN
1765185300,25788.75,25796.5,25777.75,25794.5,NaN
1765186200,25793.75,25798,25778.25,25781.25,NaN
1765187100,25781.25,25784,25768.5,25774.5,NaN
1765188000,25774,25780.75,25762.5,25776.5,NaN
1765188900,25777.25,25790,25767,25789.75,NaN
1765189800,25789,25799,25784.5,25792.25,NaN
1765190700,25792.25,25799,25787.75,25793,NaN
1765191600,25793.5,25796.5,25778.25,25794.5,NaN
1765192500,25793.25,25797.75,25771.25,25773.5,NaN
1765193400,25774.25,25782.5,25771,25782.25,NaN
1765194300,25782.25,25785,25773.5,25773.5,NaN
1765195200,25775,25786.75,25764.75,25782.25,NaN
1765196100,25781.75,25791,25780.75,25785.75,NaN
1765197000,25785.25,25802.5,25783.75,25800.5,NaN
1765197900,25801.25,25811.25,25796.75,25803.5,NaN
1765198800,25803.25,25815,25799.25,25812.75,NaN
1765199700,25813.25,25833,25798.75,25808.25,NaN
1765200600,25808.75,25810.5,25784.5,25805.5,NaN
1765201500,25805.25,25814.5,25798,25810.5,NaN
1765202400,25810.25,25824,25806.5,25818.75,NaN
1765203300,25818.75,25819.5,25782,25791.75,NaN
1765204200,25791,25860.75,25771.5,25805.25,NaN
1765205100,25805.25,25807.25,25721.5,25744.5,NaN
1765206000,25744.75,25778,25730,25741.5,NaN
1765206900,25742,25748.5,25657,25700.5,NaN
1765207800,25700.25,25723.75,25683.5,25687.5,NaN
1765208700,25687.25,25702.75,25649.75,25663,NaN
1765209600,25662.75,25666,25627.5,25638,NaN
1765210500,25637.25,25671.5,25626.25,25662,NaN
1765211400,25661.75,25670.25,25636.5,25652,NaN
1765212300,25652,25656,25631,25639.5,NaN
1765213200,25640.25,25647,25602,25624,NaN
1765214100,25623.5,25638.25,25593.75,25617,NaN
1765215000,25617.5,25640.5,25614,25622.5,NaN
1765215900,25622.5,25690,25612,25680.5,NaN
1765216800,25680.25,25696.25,25657,25677,NaN
1765217700,25677,25688,25628.25,25629.75,NaN
1765218600,25629.25,25641.75,25602.25,25627.25,NaN
1765219500,25627,25634.5,25564.75,25592.5,NaN
1765220400,25592.75,25597,25568,25579.5,NaN
1765221300,25580.5,25610,25579.5,25598.25,NaN
1765222200,25598,25620,25594,25605.5,NaN
1765223100,25606,25622.25,25585.75,25591.75,NaN
1765224000,25592.25,25603,25582.5,25602.75,NaN
1765224900,25603.25,25617.25,25594.25,25615.5,NaN
1765225800,25615.5,25617.25,25590,25613.75,NaN
1765226700,25613.5,25672.25,25602,25668.75,NaN
1765227600,25668.25,25674.75,25656.25,25661,NaN
1765228500,25661,25685.25,25656.5,25682.5,NaN
1765229400,25682.25,25703.5,25675.25,25702,NaN
1765230300,25701.75,25707.5,25689,25706.75,NaN
1765234800,25713,25724.75,25698,25700.5,NaN
1765235700,25701.25,25705.5,25695,25698.25,NaN
1765236600,25698.5,25708,25692,25704,NaN
1765237500,25704,25728.5,25702.25,25726.25,NaN
1765238400,25727.25,25727.25,25716,25720,NaN
1765239300,25719.5,25723.75,25713.25,25716.5,NaN
1765240200,25717.5,25721,25712.25,25717,NaN
1765241100,25717.25,25725.75,25711.5,25719.25,NaN
1765242000,25720,25725.75,25703,25725,NaN
1765242900,25724.25,25729.5,25705,25705,NaN
1765243800,25706,25714,25684,25693.5,NaN
1765244700,25694,25700,25690.5,25693.5,NaN
1765245600,25693.25,25698.5,25675.25,25692.25,NaN
1765246500,25692.75,25708.5,25691.75,25697.25,NaN
1765247400,25698,25699,25684.5,25691.75,NaN
1765248300,25691.75,25697.5,25687.5,25692.75,NaN
1765249200,25692.25,25699.5,25685.25,25694,NaN
1765250100,25693.25,25699.25,25689.5,25693.25,NaN
1765251000,25694.5,25700.75,25689.25,25695.5,NaN
1765251900,25694.25,25702.25,25685.5,25698,NaN
1765252800,25698.75,25699.75,25692,25692.25,NaN
1765253700,25692.25,25697,25689,25693,NaN
1765254600,25692.25,25695,25682.75,25691,NaN
1765255500,25692,25692.5,25686.25,25686.5,NaN
1765256400,25688,25689.25,25670.5,25675.75,NaN
1765257300,25675.25,25678.25,25665.75,25668,NaN
1765258200,25667,25677.75,25664.5,25674.75,NaN
1765259100,25674.25,25679.25,25662,25663.5,NaN
1765260000,25664,25664,25647.5,25656.5,NaN
1765260900,25655.75,25661,25646.75,25656,NaN
1765261800,25656.25,25681.75,25654,25680.5,NaN
1765262700,25681,25688.25,25670.75,25683.25,NaN
1765263600,25683,25695,25681.5,25687.75,NaN
1765264500,25686.75,25690.75,25680.25,25687.25,NaN
1765265400,25687.25,25692.25,25676.25,25686.75,NaN
1765266300,25686.75,25697,25686.5,25691.25,NaN
1765267200,25690.5,25706.25,25686.75,25700,NaN
1765268100,25702,25712.5,25691.75,25694.25,NaN
1765269000,25693.5,25699.75,25682.25,25694,NaN
1765269900,25692.5,25705.5,25691.75,25695.75,NaN
1765270800,25695.5,25696,25672.75,25680.25,NaN
1765271700,25680.75,25682.75,25660,25666.75,NaN
1765272600,25666.25,25675.5,25650,25657.25,NaN
1765273500,25657,25667.25,25653.25,25656.25,NaN
1765274400,25655.5,25675.75,25654.75,25670.75,NaN
1765275300,25671.5,25692.5,25667.5,25688.25,NaN
1765276200,25689,25692,25601,25656.25,NaN
1765277100,25656.5,25675.5,25637,25668.75,NaN
1765278000,25668.5,25671,25637.75,25645.25,NaN
1765278900,25645.75,25668.75,25630.75,25667.25,NaN
1765279800,25668,25681.75,25658.5,25676,NaN
1765280700,25676,25680,25668.5,25672.5,NaN
1765281600,25672.75,25676.25,25660,25666.5,NaN
1765282500,25667,25669.25,25658,25663.25,NaN
1765283400,25663.25,25667,25649.75,25654,NaN
1765284300,25653.5,25672.5,25645.5,25663.75,NaN
1765285200,25663.5,25666,25648.75,25656,NaN
1765286100,25656,25658.5,25637.5,25650,NaN
1765287000,25649,25651.5,25607,25625.25,NaN
1765287900,25624.75,25639.25,25608.5,25617,NaN
1765288800,25616.5,25625.5,25597.75,25605.25,NaN
1765289700,25605.75,25620.25,25588.5,25618,NaN
1765290600,25618.5,25653.5,25560,25612.25,NaN
1765291500,25613.25,25635,25596,25629.5,NaN
1765292400,25630.5,25670,25605.5,25635.5,NaN
1765293300,25636.5,25662.5,25624.25,25656.75,NaN
1765294200,25656.75,25680.75,25637.25,25680,NaN
1765295100,25680,25685.25,25635.5,25684.5,NaN
1765296000,25683.75,25703.5,25678.25,25691.25,NaN
1765296900,25691.5,25709.75,25688,25690,NaN
1765297800,25690.25,25713.25,25668.25,25673.75,NaN
1765298700,25673.25,25716,25673.25,25709,NaN
1765299600,25709,25733,25700.75,25720.75,NaN
1765300500,25721,25722,25689.75,25707.25,NaN
1765301400,25707.75,25717,25693.75,25703.25,NaN
1765302300,25703,25718.75,25689.25,25717.75,NaN
1765303200,25716.75,25728,25703.75,25717.5,NaN
1765304100,25717.25,25732.25,25715.5,25725.75,NaN
1765305000,25726.25,25730,25702.5,25703.5,NaN
1765305900,25704,25735.75,25690.75,25721.75,NaN
1765306800,25721.75,25724.25,25697.5,25704.5,NaN
1765307700,25705,25717.25,25701,25711,NaN
1765308600,25711,25717,25683,25691.75,NaN
1765309500,25691.75,25708,25688,25702.5,NaN
1765310400,25701.75,25713.25,25695.75,25701.25,NaN
1765311300,25701,25709.25,25693.75,25697,NaN
1765312200,25696.75,25706.75,25687.5,25706.25,NaN
1765313100,25706,25722,25683.75,25703,NaN
1765314000,25703.25,25703.75,25681.5,25684.5,NaN
1765314900,25684.25,25686.25,25675,25680.75,NaN
1765315800,25680.25,25685.75,25676.5,25679,NaN
1765316700,25679,25683.25,25674.75,25676.25,NaN
1765321200,25680,25691.5,25673.75,25676.75,NaN
1765322100,25677.75,25679,25670.75,25677.75,NaN
1765323000,25676,25680.25,25672,25679,NaN
1765323900,25679,25681.5,25669.5,25671.5,NaN
1765324800,25671.75,25693.75,25668.5,25686.75,NaN
1765325700,25685,25686,25661.25,25672,NaN
1765326600,25672,25677.25,25666.75,25669.5,NaN
1765327500,25669.25,25669.25,25650.5,25651.25,NaN
1765328400,25650.5,25664.5,25639.25,25650.25,NaN
1765329300,25650.25,25655.25,25643.75,25654.5,NaN
1765330200,25653.25,25657.25,25645,25655.5,NaN
1765331100,25655.75,25660,25652,25656.25,NaN
1765332000,25656,25663.75,25655,25661,NaN
1765332900,25661.25,25673.25,25657.75,25668.25,NaN
1765333800,25669.25,25679,25667.5,25671.25,NaN
1765334700,25671,25678,25669.5,25674.25,NaN
1765335600,25673.5,25686.5,25673.5,25676.75,NaN
1765336500,25677.25,25677.75,25665.5,25667.75,NaN
1765337400,25667.5,25674.75,25662.75,25668,NaN
1765338300,25670.25,25675,25664,25673.75,NaN
1765339200,25674,25685.5,25674,25681.75,NaN
1765340100,25682.25,25685,25679,25683.75,NaN
1765341000,25683.5,25710,25683.25,25692.25,NaN
1765341900,25693,25699.25,25691,25693.75,NaN
1765342800,25693.75,25694.25,25668.25,25674,NaN
1765343700,25673.5,25682,25673.5,25678,NaN
1765344600,25678.75,25684.5,25675,25684,NaN
1765345500,25683.75,25686.75,25680,25681.5,NaN
1765346400,25682.25,25707.75,25681,25704.5,NaN
1765347300,25704.5,25706,25697.25,25703.25,NaN
1765348200,25702.5,25713.25,25700,25702.25,NaN
1765349100,25702,25705.25,25698.25,25703.75,NaN
1765350000,25703.25,25708,25698.25,25706,NaN
1765350900,25705,25718,25704.5,25714.25,NaN
1765351800,25714.75,25727.5,25711,25725.5,NaN
1765352700,25725.5,25730.5,25720.75,25728.25,NaN
1765353600,25728.75,25745.75,25722,25735,NaN
1765354500,25733,25743.25,25727.5,25731.25,NaN
1765355400,25729.75,25739.25,25716.25,25721.5,NaN
1765356300,25722.25,25727,25705.25,25720.5,NaN
1765357200,25721,25732.25,25711.5,25718.75,NaN
1765358100,25718.5,25719.5,25703.75,25714.75,NaN
1765359000,25714.5,25717,25705.5,25706.75,NaN
1765359900,25706.25,25718.75,25706.25,25709.25,NaN
1765360800,25709,25734,25696.75,25704,NaN
1765361700,25703.25,25707.75,25631.75,25633.25,NaN
1765362600,25632.25,25658.25,25616,25652.75,NaN
1765363500,25652.25,25671.25,25646,25650.25,NaN
1765364400,25650.75,25694.75,25638.5,25672.75,NaN
1765365300,25672,25677.25,25658,25666,NaN
1765366200,25665.5,25672,25656.25,25657,NaN
1765367100,25656.75,25673.5,25655.5,25665.5,NaN
1765368000,25666.25,25668.75,25632,25641.5,NaN
1765368900,25643,25649.25,25634.75,25647.25,NaN
1765369800,25646.25,25653,25627.25,25634.25,NaN
1765370700,25635.25,25651.25,25629.75,25648.25,NaN
1765371600,25649,25666.5,25645,25665.25,NaN
1765372500,25664.75,25715.5,25662.5,25708.75,NaN
1765373400,25709,25720,25677,25682.5,NaN
1765374300,25682.5,25688.25,25668.75,25672.5,NaN
1765375200,25673,25682.75,25648,25663.5,NaN
1765376100,25663.75,25668,25639.5,25647.25,NaN
1765377000,25647.25,25663.75,25567,25642.5,NaN
1765377900,25643,25672.25,25587.5,25631.25,NaN
1765378800,25630.5,25652,25603.75,25624.75,NaN
1765379700,25624.75,25656.5,25617.5,25635.75,NaN
1765380600,25635.5,25642.5,25564.25,25586,NaN
1765381500,25586,25627,25550.25,25566.75,NaN
1765382400,25567,25611,25528.75,25610.5,NaN
1765383300,25610.75,25651.25,25605.25,25647.75,NaN
1765384200,25647.25,25654,25619.25,25625.5,NaN
1765385100,25625.5,25658.25,25610,25650.5,NaN
1765386000,25650.5,25656,25623.25,25633.75,NaN
1765386900,25633,25640.5,25615.75,25623.75,NaN
1765387800,25623,25650.25,25617.5,25631.25,NaN
1765388700,25631.5,25682.25,25630.25,25665.25,NaN
1765389600,25664.75,25667.75,25643.25,25649.5,NaN
1765390500,25649.5,25653.5,25596,25607,NaN
1765391400,25606.75,25631.75,25595,25609.75,NaN
1765392300,25609,25632.25,25599,25616.75,NaN
1765393200,25614.5,25741,25602.5,25695,NaN
1765394100,25693.75,25736.25,25627.5,25668,NaN
1765395000,25668.25,25779.5,25611,25665.5,NaN
1765395900,25666,25834.75,25660.75,25823.5,NaN
1765396800,25823.25,25863,25788,25858,NaN
1765397700,25858.5,25870.75,25826.5,25836.75,NaN
1765398600,25836.5,25863.5,25828.5,25838.75,NaN
1765399500,25838.75,25852.5,25791,25800,NaN
1765400400,25799.75,25808.25,25758.75,25788.25,NaN
1765401300,25787.5,25803,25778,25796.5,NaN
1765402200,25796.75,25802,25786.25,25800,NaN
1765403100,25800,25811.25,25789.75,25800.5,NaN
1765407600,25769.5,25796,25736.5,25747.25,NaN
1765408500,25746,25747.5,25715.75,25729,NaN
1765409400,25729,25734.5,25726.5,25729.25,NaN
1765410300,25729.25,25739,25728.75,25730.5,NaN
1765411200,25730.25,25732.25,25710,25724.25,NaN
1765412100,25724.25,25734,25718,25729,NaN
1765413000,25726.25,25727.5,25694,25700,NaN
1765413900,25700,25701.25,25671,25684,NaN
1765414800,25683.25,25683.75,25659.5,25671,NaN
1765415700,25672.25,25677.25,25658.25,25670.75,NaN
1765416600,25671.75,25682,25671.5,25678,NaN
1765417500,25678.75,25680,25650.5,25660.75,NaN
1765418400,25659.25,25661.25,25622.75,25636.25,NaN
1765419300,25635,25641.5,25603,25607.25,NaN
1765420200,25608.75,25610.25,25561,25579,NaN
1765421100,25579.5,25582.75,25523.75,25549.25,NaN
1765422000,25550,25550.25,25383,25433,NaN
1765422900,25433,25478,25427.75,25471.5,NaN
1765423800,25472.5,25475.75,25434.5,25475.25,NaN
1765424700,25473.5,25497.75,25463.25,25486.5,NaN
1765425600,25486.5,25534,25476,25517.75,NaN
1765426500,25516.75,25524.75,25496.25,25508.5,NaN
1765427400,25507.5,25525.75,25494.25,25511.75,NaN
1765428300,25511,25524.25,25501.25,25509.5,NaN
1765429200,25507.75,25512.25,25490.5,25495,NaN
1765430100,25495.75,25508.25,25486.25,25489.25,NaN
1765431000,25489,25500.5,25483.5,25493.25,NaN
1765431900,25492.75,25521.5,25490,25514,NaN
1765432800,25514.5,25523.5,25498.5,25508,NaN
1765433700,25507.25,25511.25,25470.75,25472.5,NaN
1765434600,25473,25511.5,25472,25509.75,NaN
1765435500,25509.25,25514.75,25494.5,25510,NaN
1765436400,25510.25,25511.75,25475,25504.75,NaN
1765437300,25504.75,25522.75,25495.75,25520.75,NaN
1765438200,25521.75,25539.5,25517,25530.75,NaN
1765439100,25531.25,25542.25,25523,25539.75,NaN
1765440000,25539,25543,25477.25,25494.75,NaN
1765440900,25495,25504.75,25478,25487.25,NaN
1765441800,25485.75,25504.25,25474.25,25486.5,NaN
1765442700,25486.75,25544.25,25483.75,25536.5,NaN
1765443600,25536.25,25573,25529.25,25569.25,NaN
1765444500,25570,25593.75,25559.5,25584,NaN
1765445400,25583.75,25599.75,25577.5,25589.75,NaN
1765446300,25589,25604.25,25587.75,25600,NaN